Business Name,Industry,Phone,Website,Email,City,Rating,Reviews,Lead Score (1-10),Email 1 Sent,Email 2 Sent,Email 3 Sent,Called,Demo Booked,Closed Won,MRR,Notes
[Search: dental clinic Austin TX],Dental,,,,Austin,TX,,,,,,,,,,,"Open https://www.google.com/maps/search/dental+clinic+in+Austin,+TX → click each result → copy info"
[Search: HVAC Austin TX],HVAC,,,,Austin,TX,,,,,,,,,,,"Open https://www.google.com/maps/search/HVAC+in+Austin,+TX"
[Search: plumber Austin TX],Plumbing,,,,Austin,TX,,,,,,,,,,,
[Search: hair salon Austin TX],Salon,,,,Austin,TX,,,,,,,,,,,
[Search: law firm Austin TX],Law,,,,Austin,TX,,,,,,,,,,,
[Search: auto repair Austin TX],Auto Repair,,,,Austin,TX,,,,,,,,,,,
[Search: dental clinic New York NY],Dental,,,,New York,NY,,,,,,,,,,,
[Search: HVAC New York NY],HVAC,,,,New York,NY,,,,,,,,,,,
[Search: plumber New York NY],Plumbing,,,,New York,NY,,,,,,,,,,,
[Search: hair salon New York NY],Salon,,,,New York,NY,,,,,,,,,,,
[Search: law firm New York NY],Law,,,,New York,NY,,,,,,,,,,,
[Search: auto repair New York NY],Auto Repair,,,,New York,NY,,,,,,,,,,,
[Search: dental clinic Los Angeles CA],Dental,,,,Los Angeles,CA,,,,,,,,,,,
[Search: HVAC Los Angeles CA],HVAC,,,,Los Angeles,CA,,,,,,,,,,,
[Search: plumber Los Angeles CA],Plumbing,,,,Los Angeles,CA,,,,,,,,,,,
[Search: hair salon Los Angeles CA],Salon,,,,Los Angeles,CA,,,,,,,,,,,
[Search: law firm Los Angeles CA],Law,,,,Los Angeles,CA,,,,,,,,,,,
[Search: auto repair Los Angeles CA],Auto Repair,,,,Los Angeles,CA,,,,,,,,,,,
[Search: dental clinic Houston TX],Dental,,,,Houston,TX,,,,,,,,,,,
[Search: HVAC Houston TX],HVAC,,,,Houston,TX,,,,,,,,,,,
[Search: plumber Houston TX],Plumbing,,,,Houston,TX,,,,,,,,,,,
[Search: hair salon Houston TX],Salon,,,,Houston,TX,,,,,,,,,,,
[Search: law firm Houston TX],Law,,,,Houston,TX,,,,,,,,,,,
[Search: auto repair Houston TX],Auto Repair,,,,Houston,TX,,,,,,,,,,,
[Search: dental clinic Chicago IL],Dental,,,,Chicago,IL,,,,,,,,,,,
[Search: HVAC Chicago IL],HVAC,,,,Chicago,IL,,,,,,,,,,,
[Search: plumber Chicago IL],Plumbing,,,,Chicago,IL,,,,,,,,,,,


Austin Dental Center, PC
4.8
(153)
Dentist·

Overview

Reviews

About


Directions


Save


Nearby


Send to phone


Share
 


2304 Hancock Dr #1, Austin, TX 78756, United States



Open · Closes 5 PM


smileaustin.com


Services
smileaustin.com




smileaustin.com





+1 512-233-6645





87F5+P2 Austin, Texas, USA





LGBTQ+ friendly


Your Maps history

Add a label
 


Suggest an edit
 
From the owner
𝗥𝗲𝘀𝘁𝗼𝗿𝗲 𝗬𝗼𝘂𝗿 𝗦𝗺𝗶𝗹𝗲 𝗙𝗮𝘀𝘁𝗲𝗿 𝘄𝗶𝘁𝗵 𝗦𝗮𝗺𝗲-𝗗𝗮𝘆 𝗖𝗿𝗼𝘄𝗻𝘀 𝗶𝗻 𝗔𝘂𝘀𝘁𝗶𝗻, 𝗧𝗫 Why wait weeks for a dental crown when Austin Dental Center can restore your smile in just one visit? Dr. John Glennon offers same-day ceramic crowns, giving Austin patients a convenient and efficient solution for damaged, decayed, or weakened teeth. Using advanced dental technology, your custom crown is designed, crafted, and placed all in a single appointment, no temporary crowns, no multiple visits, no long waits. These durable, tooth-colored ceramic crowns are designed to blend seamlessly with your natural teeth, providing both strength and a beautiful aesthetic result. If you need a dental crown and want a faster, more comfortable experience, Austin Dental Center has you covered. To learn more about same-day crowns, visit our website:
7 days ago
Learn more
 
Photos & videos

All

By owner

Street View & 360°
 


Add photos & videos
 
Review summary
5	
4	
3	
2	
1	
4.8

153 reviews
 
Reviews aren't verified
 
"The staff here are great, prices are reasonable and the service is top notch."
 
"I highly recommend his office for all dental work."
 
"I just got four same-day crowns done here and it was a great experience!"
 


Write a review
 
Reviews




Sort


All

caring dentist
8

friendly office
7

crowns
7

informative staff
5

+6


Cindy Van
1 review







a week ago
New
It is always a pleasure to come here. The staff is friendly, welcoming, and professional. They consistently do high-quality work, and I always leave satisfied with the care I receive. I highly recommend this dental office.


Like


Share
 
 


James Shay
Local Guide · 13 reviews







4 months ago
Dr. Glennon has provided all my dental care for over 40 years; I recommend him without reservation.
Crowns, root canals, everything --- including the semi-urgent replacement of a … More


Like


Share
Response from the owner 3 months ago
Jim, thank you so much for this incredibly kind review and for taking the time to share your experience! Reviews like yours mean everything to our team and to anyone in Austin looking for a dentist they can truly count on.
 
 


S Shelby
2 reviews







2 months ago
One of the few remaining private practice dentists in Austin. The care is personalized to what you need, and is completed with diligence, compassion, and true artistry. They will also work with you on insurance. I highly recommend Dr. Glennon and his Team.


Like


Share
Response from the owner 2 months ago
Thank you so much for the kind words! Reviews like this mean a lot to our whole team. Being one of the independent, private practice dentists in Austin lets us slow down, really listen, and tailor care to each person who sits in the chair, … More
 

More reviews (150)
 
People also search for

Austin Dental Works
4.9(626)
Dentist

Austin Dental Spa
4.9(305)
Cosmetic dentist

Austin City Dental
5.0(655)
Dentist

Austin Family Dentist
4.9(390)
Dentist

ATX Family Dental
4.9(873)
Dentist
 
Web results

 
About this data

Breeze Dental
4.8
(855)
Dentist·

Overview

Reviews

About


Directions


Save


Nearby


Send to phone


Share

Book online
 
 


1601 S Lamar Blvd, Austin, TX 78704, United States



Open · Closes 4 PM


breezeoralcare.com


Services
breezeoralcare.com




breezeoralcare.com





+1 512-745-8825





762P+G3 Austin, Texas, USA





LGBTQ+ friendly


Your Maps history

Add a label
 


Suggest an edit
 
From the owner
😁 Straighter teeth without the hassle! Breeze Dental on S Lamar offers Invisalign with 3D iTero scans for precise, comfortable treatment. See your new smile before you even start! Book a consultation in Austin today.
May 31, 2026
Learn more
 
Photos & videos

All

By owner

Street View & 360°
 


Add photos & videos
 
Review summary
5	
4	
3	
2	
1	
4.8

855 reviews
 
Reviews aren't verified
 
"Friendly staff, beautiful office, great service."
 
"The hygienist acted put out that I thought 40 minutes was too long of a wait."
 
"Very kind environment and fun atmosphere."
 


Write a review
 
Reviews




Sort


All

invisalign
21

hygienist
51

wisdom teeth extraction
6

kind staff
88

+6


Shawn Barrett
Local Guide · 43 reviews · 2 photos







Edited 3 months ago
I can’t say enough about how nice, professional, and accommodating the entire staff at Breeze Dental on South Lamar was.  I had an urgent dental concern and was 2000 miles away from my dentist.  They fit me in same day which was a great … More


Like


Share
 
 


Kinzie Hancock
4 reviews · 4 photos







2 months ago
Breeze Dental exceeded every expectation. Dr. Josh and his team created such a welcoming, professional environment, and the level of care and attention to detail was outstanding. I felt completely at ease throughout the entire process. I … More


Like


Share
 
 


Jessica Mullen
9 reviews







2 months ago
Breeze Dental has been a Breeze!! I felt a crack in my tooth and they got me in the next day! … More


Like


Share
 

More reviews (852)
 
People also search for

Breeze Dental
4.9(130)
Dentist

Lady Bird Dental
4.9(447)
Cosmetic dentist

Daybreak Dental
4.9(428)
Dentist

little house dentistry
5.0(423)
Dentist

Smile 360
4.9(146)
Dentist
 
Web results

 
About this data

myDental at Tech Ridge
4.8
(1,495)
Dental clinic·

Overview

Reviews

About


Directions


Save


Nearby


Send to phone


Share
 


13000 N Interstate Hwy 35 Ste 206, Austin, TX 78753, United States




Located in: Tech.ridge Plaza Bldg 12

Closed · Opens 9 AM


mydental.co


mydental.com





+1 512-815-2524





C86F+HJ Austin, Texas, USA





LGBTQ+ friendly

Identifies as women-owned


Your Maps history

Add a label
 


Suggest an edit
 
From the owner
𝗦𝘂𝗺𝗺𝗲𝗿 𝗦𝗺𝗶𝗹𝗲𝘀 𝗦𝘁𝗮𝗿𝘁 𝗛𝗲𝗿𝗲 Get ready to shine bright this season with a confident, radiant smile! For a limited time, enjoy $𝟭𝟬𝟬 𝗢𝗙𝗙 𝗭𝗼𝗼𝗺 𝗧𝗲𝗲𝘁𝗵 𝗪𝗵𝗶𝘁𝗲𝗻𝗶𝗻𝗴 𝘢𝘵 𝘢𝘭𝘭 𝘮𝘺𝘋𝘦𝘯𝘵𝘢𝘭 𝘭𝘰𝘤𝘢𝘵𝘪𝘰𝘯𝘴. Whether you're refreshing your look for summer events or just want to boost your confidence, our friendly team delivers expert care in a relaxed, comfortable setting. Now is the perfect time to brighten your smile—beautiful results begin with a simple consultation. 𝗢𝗳𝗳𝗲𝗿 𝗲𝗻𝗱𝘀 𝗝𝘂𝗻𝗲 𝟯𝟬, 𝟮𝟬𝟮𝟲.
Jun 3, 2026
Book
 
Photos & videos

All

Tooth

By owner

Street View & 360°
 


Add photos & videos
 
Review summary
5	
4	
3	
2	
1	
4.8

1,495 reviews
 
Reviews aren't verified
 
"Excellent service from the front desk ppl to the Da's .Wonderful doctors ."
 
"There amazing people here that have a great staff that’s willing to work with u."
 


Write a review
 
Reviews




Sort


All

kind staff
162

hygienist
57

friendly staff
459

treatment plan explanation
13

+6


Alex N
Local Guide · 73 reviews · 167 photos







3 weeks ago
New
Dr. Rivera , Esteban, and Luis were so sweet! It was my first time here as I just moved to Austin and they all had great customer service and made my visit great. I’m glad I found a nice place for my teeth cleaning, and the office is very clean inside as well. Highly recommend ☺️


Like


Share
 
 


Jason B
5 reviews







4 months ago
I genuinely cannot say enough good things about this establishment. Every single staff member was courteous, polite, and extremely welcoming. From the front desk, to the nurse who took my X-rays, to the hygienist, to the doctor—everyone … More


Like


Share
 
 


Nguyet Vu
2 reviews







2 months ago
Dr. Tarek was such a great help! He paid attention to detail and was super sweet. As well as Dr. Tien Ton and Assistant Gabi, they were both of such great help. Everyone was super sweet. I would 100% recommend My dental.


Like


Share
 

More reviews (1,492)
 
People also search for

Tech Ridge Dental
5.0(1,170)
Dentist

myDental at Anderson Mill
4.8(600)
Dental clinic

myDental Services PLLC
No reviews
Dental clinic

My Care Dental
4.9(733)
Dental clinic

Aspen Dental - Austin, TX
4.4(588)
Dentist
 
Web results

 ATX Family Dental
4.9
(873)
Dentist·

Overview

Reviews

About


Directions


Save


Nearby


Send to phone


Share

Book online
 
 


1700 S 1st St, Austin, TX 78704, United States



Closed · Opens 8 AM


atxfamilydental.com


Services
atxfamilydental.com




atxfamilydental.com





+1 512-717-3147





66XV+7J Austin, Texas, USA





LGBTQ+ friendly

Identifies as women-owned


Your Maps history

Add a label
 


Suggest an edit
 
Photos & videos

All

By owner

Videos

Street View & 360°
 


Add photos & videos
 
Review summary
5	
4	
3	
2	
1	
4.9

873 reviews
 
Reviews aren't verified
 
"Great staff and service - always a welcoming and calm environment!"
 
"The people ATX Family Dental are super helpful and accomodating when scheduling."
 
"I declined and was presented with a price for my daughters cleaning."
 


Write a review
 
Reviews




Sort


All

hygienist
78

cavity filling
9

kind staff
114

new office
93

+6


Serena Raynard
6 reviews · 8 photos







8 months ago
I had such a great experience at ATX Family Dental. I came in with pain from previous dental work done elsewhere, and the dentist took the time to really listen and explain what was going on. He was honest, conservative, and didn’t rush me … More



Like


Share
Response from the owner 5 months ago
Thank you for such thoughtful words! We’re so glad you found us. 
 
 


Blake Messer
5 reviews







2 weeks ago
New
I’ve been going to Dr. Adam and ATX Family Dental for a decade, they're consistently excellent. Dr. Adam is thoughtful, clear, and genuinely easy to trust, and the whole staff is warm, professional, and great at making visits feel smooth … More


Like


Share
 
 


K L
11 reviews · 4 photos







4 months ago
ATX Family Dental's Wellness Plan saved me when I found out my employer's dental insurance wasn't accepted by any dental offices and my previous dentist kept pushing my appointment months out. I was able to sign up for the plan and be seen … More


Like


Share
Response from the owner 4 months ago
It means a lot to hear that you now feel confident in your dental care. We appreciate you being part of our practice. Thank you for sharing your experience! 
 

More reviews (870)
 
People also search for

Austin Primary Dental
4.9(366)
Dentist

South Austin Dental
5.0(327)
Dentist

Swish Dental South
4.7(940)
Dentist

Austin Family Dentist
4.9(390)
Dentist

South Austin Family Dental
4.5(44)
Dental clinic
 
Web results

 
About this data

River Rock Dental Austin - Mueller
4.7
(745)
Dentist·

Overview

Reviews

About


Directions


Save


Nearby


Send to phone


Share
 


1801 E 51st St Ste 390, Austin, TX 78723, United States



Closed · Opens 8 AM


recallmax.com


Services
riverrockdentalfamily.com




riverrockdentalfamily.com





+1 512-669-5147





8832+69 Austin, Texas, USA






Your Maps history

Add a label
 


Suggest an edit
 
From the owner
Not all dental problems can be fixed in a standard chair. Impacted wisdom teeth, jaw alignment issues, or infections deep below the gumline may require oral surgery. Knowing when it’s time to escalate care is key to protecting both your comfort and your long-term oral health.Stay informed so you know when simple care isn’t enough.
3 hours ago
Learn more
 
Photos & videos

All

By owner

Street View & 360°
 


Add photos & videos
 
Review summary
5	
4	
3	
2	
1	
4.7

745 reviews
 
Reviews aren't verified
 
"I appreciate River Rock Denta this location has excellent service and staff
 
"The front desk ladies had food out and it smelt like food In the whole office."
 
"I highly recommend this place and will come back for my regular cleanings!"
 


Write a review
 
Reviews




Sort


All

wisdom tooth extraction
11

clean facility
5

hygienist
37

root canal
11

+6


yuxin fang
2 reviews







3 months ago
I had a disappointing experience at this clinic.

I came in expecting a simple check and possibly a sealant or minor work. During … More


Like


Share
 
 


Mercedes Servantez
4 reviews · 1 photo







3 weeks ago
New
Excellent service! They were able to schedule me and my two children without hesitation and were so kind and caring. We have been patients for years here and don’t plan on changing that anytime soon.


Like


Share
 
 


Brandon Lee
2 reviews







2 months ago
I have been coming here for over 10+ years, along with my wife and 2 sons. I normally don't post reviews, but after yet another amazing experience today - I fell compelled, which should be a testament all by itself. Every layer of their … More


Like


Share
 

More reviews (742)
 
People also search for

Rivery Dental
4.9(240)
Dental clinic

Dental Smiles
4.9(335)
Dentist

Swish Dental - Mueller Family
4.7(670)
Dentist

Healing Tooth - Comprehensive Family Dentistry & Orthodontics
5.0(274)
Dentist

River Place Dental
4.9(451)
Dentist
 
Web results

 Breeze Dental
4.9
(130)
Dentist·

Overview

Reviews

About


Directions


Save


Nearby


Send to phone


Share

Book online
 
 


3800 N Lamar Blvd Ste 130, Austin, TX 78756, United States



Open · Closes 4 PM


breezeoralcare.com





+1 512-881-0131





8744+9P Austin, Texas, USA





LGBTQ+ friendly


Your Maps history

Add a label
 


Suggest an edit
 
From the owner
Straighten your smile the easy way. 😁 At Breeze Dental on South Lamar in Austin, Invisalign clear aligners offer a discreet, comfortable alternative to braces, backed by 3D iTero scanning and app-based tracking. Modern care where people know your name. Schedule a consultation today.
Jun 24, 2026
Learn more
 
Photos & videos

All

Latest
18 days ago

By owner

Street View & 360°
 


Add photos & videos
 
Review summary
5	
4	
3	
2	
1	
4.9

130 reviews
 
Reviews aren't verified
 
"New 38th street location is super convenient as well with easy parking."
 
"I wish I remembered her name to give her proper credit."
 


Write a review
 
Reviews




Sort


All

invisalign
7

teeth whitening
6

personable staff
12

comfortable chairs
4

+6


Tumi Eldawi
Local Guide · 33 reviews · 7 photos







2 weeks ago
New
Amazing staff! Candice & Dr Saja are the absolute best. Love going here. I got my Invisalign here for a good price, had a free revision and they are very cooperative. I moved dentists becuase this new place looks like the “Apple Store of dentists” and also the staff are incredibly family oriented/nice.


Like


Share
 
 


Meg Trollan McEachern
8 reviews · 12 photos







2 weeks ago
New
Dr. Josh is the best in the biz! He is so kind, attentive, and professional. He has been so thoughtful in helping me to come up with a treatment plan for Invisalign, bonding, whitening, and long term retainers for grinding my teeth. I have full confidence in him and his staff, 10/10 recommend Breeze Dental.


Like


Share
 
 


Alyssa Timmons
7 reviews · 6 photos







Edited a month ago
I absolutely loved Tracy, she paid attention to all my notes and made me feel super comfortable. She was informative, knowledgeable, personable and I will keep going back to wherever she is! I did not feel judged in the slightest. The dr … More


Like


Share
 

More reviews (127)
 
People also search for

Breeze Dental
4.8(855)
Dentist

38th Street Dental
5.0(723)
Dentist

Martin Dental Group Northwest Hills (Formerly Balcones Dental)
4.9(803)
Dental clinic

Planet Dental
5.0(400)
Dentist
 
Web results

 
About this data

Aloha Dental
4.6
(666)
Dental clinic·

Overview

Reviews

About


Directions


Save


Nearby


Send to phone


Share

Book online
 
 


1614 E Riverside Dr, Austin, TX 78741, United States




Located in: AMLI South Shore

Closed · Opens 8 AM


aloha-dental.com





+1 512-707-7300





67W9+6P Austin, Texas, USA





LGBTQ+ friendly


Your Maps history

Add a label
 


Suggest an edit
 
From the owner
We know first visits to the dentist can be nerve-wracking for kids and parents. 🦷 That’s why our team loves making pediatric visits fun, relaxed, and genuinely positive! Same-day family appointments and a gentle approach turn dental care into a bright spot in your child’s day. 😄 What helps your child feel comfortable at the dentist? 🌐 https://bit.ly/488ElN4
4 days ago
Learn more
 
Photos & videos

All

By owner
 


Add photos & videos
 
Review summary
5	
4	
3	
2	
1	
4.6

666 reviews
 
Reviews aren't verified
 
"Staff was nice, but this place is a bit of a scam."
 
"The office had a great vibe, very clean and great location!"
 


Write a review
 
Reviews




Sort


All

hygienist
85

cavity fillings
24

insurance coverage
36

kind staff
40

+6


Kisan Poudel
Local Guide · 53 reviews · 22 photos







a month ago
My wife and I had a great experience with Aloha Dental. They worked on my back molars on both sides and did an excellent job. The treatment was smooth, and the staff made me feel comfortable throughout the process. … More


Like


Share
 
 


Chelsea Kwot
3 reviews · 5 photos







6 months ago
I’ve come to Aloha for two years now and I feel well taken care of! I recommended my husband to go here too and we both love it. We love Hawaii too so the theme is relaxing. … More



Like


Share
 
 


Bob Griffin
13 reviews







2 months ago
Very efficient and helpful staff. They did a great job cleaning my teeth and made me aware of concerns. I like that they are using hydroxyapatite to later fix one of my teeth (scheduled for next month). Hydroxyapatite is something I am … More


Like


Share
 

More reviews (663)
 
People also search for

Daylight Dental South Austin
4.8(1,085)
Dentist

Magnolia Family Dentistry of Austin
4.9(269)
Dentist

The Tooth Inc
5.0(579)
Dental clinic

East Austin Dental
4.7(91)
Dentist

ATX Family Dental
4.9(873)
Dentist
 
Web results

 
About this data

Austin Dental Works
4.9
(626)
Dentist·

Overview

Reviews

About


Directions


Save


Nearby


Send to phone


Share
 


4601 N Lamar Blvd #503, Austin, TX 78751, United States




Located in: Residences at The Triangle

Opens soon · 8 AM



austindentalworks.com

Services
austindentalworks.com




austindentalworks.com





+1 512-877-9822





8787+2Q Austin, Texas, USA





LGBTQ+ friendly

Identifies as women-owned


Your Maps history

Add a label
 


Suggest an edit
 
From the owner
𝗧𝗿𝗮𝗻𝘀𝗳𝗼𝗿𝗺 𝗬𝗼𝘂𝗿 𝗦𝗺𝗶𝗹𝗲 𝘄𝗶𝘁𝗵 𝗣𝗼𝗿𝗰𝗲𝗹𝗮𝗶𝗻 𝗩𝗲𝗻𝗲𝗲𝗿𝘀 𝗮𝘁 𝗔𝘂𝘀𝘁𝗶𝗻 𝗗𝗲𝗻𝘁𝗮𝗹 𝗪𝗼𝗿𝗸𝘀 Porcelain veneers are one of the most versatile cosmetic dentistry solutions available, and at Austin Dental Works in Austin, TX, Dr. Lindsey Jaros crafts custom veneers designed to correct chips, cracks, gaps, staining, and uneven teeth all at once. These thin, durable shells of high-quality porcelain are bonded to the front surface of your teeth, creating a flawless, natural-looking smile that can last for years with proper care. If you have been dreaming of a complete smile makeover, porcelain veneers could be the ideal solution for you. Our state-of-the-art facility and personalized approach ensure you feel confident and comfortable throughout the entire process. To learn more about porcelain veneers, visit our website:
7 days ago
Learn more
 
Photos & videos

All

By owner

Street View & 360°
 


Add photos & videos
 
Review summary
5	
4	
3	
2	
1	
4.9

626 reviews
 
Reviews aren't verified
 
"If you want service that makes you feel at home, this is the place! 🙂"
 
"Also, they gave my boyfriend a gift card to Starbucks for referring me to them."
 
"Although they had a clean facility, I questioned their staff experience."
 


Write a review
 
Reviews




Sort


All

scheduling
13

welcoming atmosphere
32

friendly staff
200

insurance assistance
22

+6


Fernanda Andrade
1 review







a month ago
I had a very disappointing experience with this dental office. Before scheduling my appointment, I specifically asked whether my insurance would cover the visit, and I was told that it would. Based on that information, I felt comfortable … More


Like


Share
 
 


Molly Fennessey
6 reviews · 2 photos







4 months ago
I cannot recommend Austin Dental Works enough! They are truly the nicest and most incredibly friendly people I have ever met. From the moment you walk in, it is clear that this isn't just a job for them. They genuinely love what they do and … More


Like


Share
Response from the owner 4 months ago
Thank you so much for sharing, this is exactly the experience we want everyone to have!
 
 


Jennifer Whalen
Local Guide · 14 reviews · 7 photos







a month ago
The best dentist in Austin. Dr. Jarros is SO kind, so thorough and so knowledgeable. She cares about your safety, your experience and doing a good job. I've seen a few dentists in Austin before finally finding ADW and trust them more than any other.


Like


Share
 

More reviews (623)
 
People also search for

Austin Dental Center, PC
4.8(153)
Dentist

South Austin Dentist
4.9(168)
Dentist

Austin Family Dentist
4.9(390)
Dentist

Lamar Dental Center
3.0(4)
Dental clinic

Shoal Creek Dental Care
4.8(215)
Dentist
 
Web results

 
About this data